{"_class":"document","do_objectID":"3C84D616-3495-40AD-804C-3CA2B86F1DB2","assets":{"_class":"assetCollection","colors":[],"gradients":[],"imageCollection":{"_class":"imageCollection","images":{}},"images":[]},"colorSpace":1,"currentPageIndex":0,"foreignLayerStyles":[],"foreignSymbols":[],"foreignTextStyles":[],"layerStyles":{"_class":"sharedStyleContainer","objects":[]},"layerSymbols":{"_class":"symbolContainer","objects":[]},"layerTextStyles":{"_class":"sharedTextStyleContainer","objects":[]},"pages":[{"_class":"MSJSONFileReference","_ref_class":"MSImmutablePage","_ref":"pages\/F4721C37-8688-46F2-86B9-247B653250A8"},{"_class":"MSJSONFileReference","_ref_class":"MSImmutablePage","_ref":"pages\/91336DEA-8AAF-42B0-9E66-08831E3D4081"}]}