{"commit":"b1e0d1c5db157d3a481169aac84f04adc67d2e21","pagesAndArtboards":{"F4721C37-8688-46F2-86B9-247B653250A8":{"name":"Page 1","artboards":{}},"91336DEA-8AAF-42B0-9E66-08831E3D4081":{"name":"Page 2","artboards":{}}},"version":112,"fonts":["AvenirNext-Regular"],"compatibilityVersion":99,"app":"com.bohemiancoding.sketch3","autosaved":0,"variant":"NONAPPSTORE","created":{"commit":"b1e0d1c5db157d3a481169aac84f04adc67d2e21","appVersion":"52.6","build":67491,"app":"com.bohemiancoding.sketch3","compatibilityVersion":99,"version":112,"variant":"NONAPPSTORE"},"saveHistory":["NONAPPSTORE.67491"],"appVersion":"52.6","build":67491}