{"_class":"page","do_objectID":"91336DEA-8AAF-42B0-9E66-08831E3D4081","booleanOperation":-1,"exportOptions":{"_class":"exportOptions","exportFormats":[],"includedLayerIds":[],"layerOptions":0,"shouldTrim":false},"frame":{"_class":"rect","constrainProportions":false,"height":0,"width":0,"x":0,"y":0},"isFixedToViewport":false,"isFlippedHorizontal":false,"isFlippedVertical":false,"isLocked":false,"isVisible":true,"layerListExpandedType":0,"name":"Page 2","nameIsFixed":false,"resizingConstraint":63,"resizingType":0,"rotation":0,"shouldBreakMaskChain":false,"clippingMaskMode":0,"hasClippingMask":false,"style":{"_class":"style","endMarkerType":0,"miterLimit":10,"startMarkerType":0,"windingRule":1},"hasClickThrough":true,"layers":[{"_class":"rectangle","do_objectID":"9F5C45AD-B5D6-4160-8D40-EBD011794522","booleanOperation":-1,"exportOptions":{"_class":"exportOptions","do_objectID":"A9B9ECB0-B8D6-4840-8111-D2E4B66FB212","exportFormats":[],"includedLayerIds":[],"layerOptions":0,"shouldTrim":false},"frame":{"_class":"rect","do_objectID":"FB1A58A5-8F20-43FF-AE21-0EA82E84ABE2","constrainProportions":false,"height":633,"width":1440,"x":-300,"y":-317},"isFixedToViewport":false,"isFlippedHorizontal":false,"isFlippedVertical":false,"isLocked":false,"isVisible":true,"layerListExpandedType":0,"name":"Gradient","nameIsFixed":true,"resizingConstraint":63,"resizingType":0,"rotation":0,"shouldBreakMaskChain":false,"clippingMaskMode":0,"hasClippingMask":false,"style":{"_class":"style","do_objectID":"774FB0A8-B84C-45B6-A43B-1B3DFA43509D","endMarkerType":0,"fills":[{"_class":"fill","isEnabled":true,"color":{"_class":"color","alpha":1,"blue":0.1372549019607843,"green":0.07450980392156863,"red":0.01568627450980392},"fillType":1,"gradient":{"_class":"gradient","elipseLength":0,"from":"{0.5, 0.43002296594514072}","gradientType":0,"stops":[{"_class":"gradientStop","color":{"_class":"color","alpha":0,"blue":0.1372549019607843,"green":0.07450980392156858,"red":0.01568627450980393},"position":0},{"_class":"gradientStop","color":{"_class":"color","alpha":1,"blue":0.1372549019607843,"green":0.07450980392156857,"red":0.01568627450980392},"position":1}],"to":"{0.5, 0.99456963511560692}"},"noiseIndex":0,"noiseIntensity":0,"patternFillType":1,"patternTileScale":1}],"miterLimit":10,"startMarkerType":0,"windingRule":1},"edited":false,"isClosed":true,"pointRadiusBehaviour":1,"points":[{"_class":"curvePoint","cornerRadius":0,"curveFrom":"{0, 0}","curveMode":1,"curveTo":"{0, 0}","hasCurveFrom":false,"hasCurveTo":false,"point":"{0, 0}"},{"_class":"curvePoint","cornerRadius":0,"curveFrom":"{1, 0}","curveMode":1,"curveTo":"{1, 0}","hasCurveFrom":false,"hasCurveTo":false,"point":"{1, 0}"},{"_class":"curvePoint","cornerRadius":0,"curveFrom":"{1, 1}","curveMode":1,"curveTo":"{1, 1}","hasCurveFrom":false,"hasCurveTo":false,"point":"{1, 1}"},{"_class":"curvePoint","cornerRadius":0,"curveFrom":"{0, 1}","curveMode":1,"curveTo":"{0, 1}","hasCurveFrom":false,"hasCurveTo":false,"point":"{0, 1}"}],"fixedRadius":0,"hasConvertedToNewRoundCorners":true}],"horizontalRulerData":{"_class":"rulerData","base":-178,"guides":[]},"includeInCloudUpload":true,"verticalRulerData":{"_class":"rulerData","base":-485,"guides":[]}}